land_size_acres,crop_type,irrigation_type,soil_type,region,past_fertilizer_usage,recommended_nutrient_dose,max_allowed_qty
2.19,Cotton,Borewell,Clay,East,102.96,40,91.66
3.19,Paddy,Borewell,Clay,North,124.09,50,148.53
0.76,Cotton,Borewell,Sandy,West,34.45,40,31.01
3.69,Paddy,Borewell,Clay,South,131.05,50,201.84
4.25,Paddy,Borewell,Sandy,South,171.31,50,198.98
1.33,Cotton,Rainfed,Clay,West,45.33,40,53.46
2.44,Cotton,Rainfed,Clay,South,82.53,40,99.78
1.13,Cotton,Rainfed,Loam,East,38.24,40,43.99
2.55,Paddy,Borewell,Loam,North,139.3,50,119.84
2.81,Paddy,Rainfed,Clay,East,139.97,50,127.76
3.23,Maize,Rainfed,Clay,West,76.09,30,88.47
4.77,Cotton,Borewell,Loam,North,225.68,40,202.57
1.87,Cotton,Rainfed,Sandy,East,56.01,40,77.56
2.48,Cotton,Borewell,Sandy,North,75.49,40,99.1
0.65,Paddy,Borewell,Loam,North,37.53,50,30.93
3.48,Paddy,Borewell,Loam,East,148.92,50,174.7
2.96,Maize,Rainfed,Clay,East,70.37,30,97.14
3.99,Maize,Borewell,Sandy,East,140.02,30,129.15
3.19,Cotton,Borewell,Sandy,South,148.14,40,117.1
1.38,Cotton,Borewell,Clay,West,39.89,40,53.27
2.25,Maize,Rainfed,Sandy,South,56.41,30,71.94
2.11,Cotton,Rainfed,Clay,South,70.94,40,85.12
1.13,Paddy,Rainfed,Loam,East,62.21,50,51.69
4.94,Paddy,Borewell,Sandy,East,268.27,50,232.12
0.52,Paddy,Rainfed,Loam,West,28.8,50,27.08
3.78,Paddy,Rainfed,Clay,South,205.19,50,172.9
2.11,Cotton,Rainfed,Sandy,West,63.97,40,90.53
3.3,Cotton,Rainfed,Loam,South,114.24,40,120.48
1.9,Paddy,Rainfed,Clay,North,81.95,50,99.36
3.37,Paddy,Borewell,Sandy,South,192.7,50,167.56
1.04,Cotton,Rainfed,Sandy,North,43.96,40,43.77
3.03,Maize,Rainfed,Sandy,West,98.67,30,90.79
2.85,Cotton,Rainfed,Sandy,North,104.17,40,103.18
0.99,Cotton,Borewell,Sandy,East,28.34,40,40.68
1.91,Cotton,Rainfed,Clay,East,72.91,40,82.63
1.62,Maize,Borewell,Loam,North,43.99,30,51.08
1.53,Cotton,Rainfed,Sandy,South,45.2,40,58.63
1.23,Cotton,Borewell,Sandy,East,57.31,40,52.23
3.35,Cotton,Borewell,Clay,East,152.19,40,142.14
1.34,Paddy,Borewell,Sandy,East,76.8,50,67.53
4.13,Maize,Borewell,Clay,East,142.24,30,119.39
1.0,Maize,Borewell,Clay,South,24.42,30,29.56
4.18,Cotton,Borewell,Clay,West,189.0,40,150.71
2.8,Paddy,Borewell,Clay,West,127.22,50,132.22
1.04,Cotton,Borewell,Loam,West,36.14,40,45.29
1.95,Paddy,Borewell,Sandy,East,93.54,50,101.46
2.14,Maize,Rainfed,Loam,West,76.13,30,70.14
1.63,Paddy,Borewell,Clay,North,77.31,50,78.25
1.78,Maize,Borewell,Sandy,South,38.36,30,54.57
2.76,Cotton,Borewell,Clay,North,80.12,40,105.51
4.59,Cotton,Borewell,Clay,North,150.51,40,170.56
2.7,Paddy,Rainfed,Clay,South,161.03,50,128.04
3.52,Maize,Rainfed,Clay,South,114.13,30,100.06
3.78,Cotton,Rainfed,Clay,West,133.64,40,155.2
3.35,Maize,Borewell,Clay,North,97.27,30,92.26
4.26,Cotton,Rainfed,Loam,West,146.61,40,159.72
0.68,Maize,Rainfed,Sandy,North,20.31,30,21.12
0.57,Cotton,Borewell,Clay,West,21.8,40,21.55
3.4,Cotton,Rainfed,Clay,South,107.06,40,141.19
2.24,Paddy,Borewell,Sandy,West,130.86,50,103.88
2.03,Paddy,Rainfed,Clay,East,76.81,50,110.12
4.45,Maize,Borewell,Clay,West,110.67,30,137.77
4.18,Cotton,Borewell,Clay,North,163.45,40,168.19
1.59,Paddy,Borewell,Clay,West,59.35,50,85.82
4.55,Maize,Rainfed,Clay,West,138.76,30,132.11
2.07,Paddy,Borewell,Loam,North,110.02,50,111.72
4.49,Maize,Rainfed,Loam,East,146.81,30,138.53
0.88,Maize,Rainfed,Clay,South,20.61,30,28.5
3.23,Maize,Borewell,Clay,North,68.28,30,89.18
3.49,Cotton,Rainfed,Clay,North,98.07,40,130.13
2.97,Cotton,Rainfed,Sandy,South,124.26,40,122.41
1.51,Paddy,Borewell,Clay,North,79.73,50,71.53
1.96,Cotton,Borewell,Sandy,South,84.14,40,80.75
4.32,Maize,Borewell,Sandy,South,133.33,30,131.37
0.92,Cotton,Borewell,Sandy,North,32.53,40,35.07
1.6,Maize,Rainfed,Loam,South,56.95,30,46.97
4.51,Cotton,Rainfed,Clay,East,183.21,40,191.04
2.76,Maize,Borewell,Sandy,East,81.84,30,82.68
1.38,Maize,Rainfed,Clay,North,43.93,30,39.58
0.61,Maize,Borewell,Clay,South,18.72,30,17.12
4.73,Cotton,Rainfed,Clay,East,222.68,40,204.9
2.17,Paddy,Borewell,Loam,East,76.79,50,117.79
2.43,Paddy,Rainfed,Sandy,East,143.77,50,132.77
4.34,Cotton,Borewell,Sandy,East,147.08,40,169.61
4.33,Cotton,Borewell,Clay,East,148.69,40,161.75
3.01,Paddy,Borewell,Sandy,South,175.8,50,156.4
3.07,Maize,Rainfed,Sandy,South,68.94,30,94.22
4.96,Cotton,Rainfed,Clay,East,152.78,40,199.13
4.45,Cotton,Rainfed,Loam,North,190.53,40,185.01
3.66,Paddy,Rainfed,Loam,North,160.99,50,175.45
4.14,Paddy,Rainfed,Clay,East,228.75,50,222.2
4.61,Paddy,Rainfed,Sandy,West,220.28,50,230.57
4.09,Cotton,Borewell,Clay,North,167.69,40,170.21
4.08,Cotton,Borewell,Sandy,North,186.86,40,157.91
2.19,Maize,Borewell,Loam,South,49.08,30,66.73
0.66,Paddy,Rainfed,Loam,North,30.78,50,33.28
1.79,Maize,Borewell,Sandy,South,53.45,30,48.66
0.67,Cotton,Borewell,Loam,West,29.78,40,26.05
1.07,Cotton,Borewell,Clay,South,41.14,40,45.11
1.47,Paddy,Rainfed,Clay,South,74.34,50,67.4
0.73,Cotton,Rainfed,Loam,South,28.2,40,29.44
3.37,Maize,Borewell,Sandy,North,107.47,30,110.72
2.82,Maize,Borewell,Loam,South,72.88,30,89.59
1.72,Paddy,Rainfed,Loam,East,79.08,50,78.75
0.61,Paddy,Borewell,Clay,South,36.03,50,32.55
3.63,Maize,Rainfed,Loam,North,98.5,30,101.78
1.2,Maize,Rainfed,Sandy,West,29.7,30,36.35
3.72,Cotton,Rainfed,Clay,North,153.28,40,142.25
4.8,Maize,Borewell,Sandy,East,153.93,30,145.57
3.25,Paddy,Borewell,Sandy,West,147.84,50,154.3
2.1,Maize,Rainfed,Loam,North,67.97,30,56.88
1.02,Maize,Borewell,Loam,North,22.12,30,27.79
4.35,Cotton,Rainfed,Clay,South,183.02,40,173.1
0.94,Maize,Rainfed,Clay,East,26.67,30,28.05
1.28,Cotton,Rainfed,Sandy,North,46.95,40,50.16
3.27,Cotton,Rainfed,Sandy,East,133.1,40,118.91
2.19,Cotton,Rainfed,Loam,West,88.73,40,87.65
4.35,Cotton,Rainfed,Sandy,South,179.11,40,162.27
0.82,Paddy,Rainfed,Sandy,West,41.87,50,37.12
3.14,Cotton,Borewell,Sandy,East,146.97,40,127.5
2.25,Maize,Borewell,Loam,East,68.96,30,66.94
2.96,Paddy,Rainfed,Sandy,East,173.27,50,144.63
4.83,Maize,Rainfed,Loam,South,167.02,30,136.08
0.81,Cotton,Rainfed,Sandy,South,24.31,40,29.28
0.92,Cotton,Borewell,Loam,East,38.33,40,33.64
1.94,Paddy,Borewell,Sandy,East,108.88,50,87.75
4.17,Paddy,Borewell,Clay,North,175.33,50,192.58
3.64,Paddy,Borewell,Loam,North,184.63,50,195.74
3.81,Maize,Rainfed,Sandy,South,125.93,30,109.32
1.3,Cotton,Rainfed,Loam,West,55.92,40,55.19
4.96,Paddy,Borewell,Sandy,North,224.76,50,241.65
3.99,Paddy,Rainfed,Clay,South,173.65,50,216.69
4.36,Cotton,Rainfed,Clay,South,159.49,40,183.15
3.9,Paddy,Rainfed,Clay,West,146.55,50,210.7
2.77,Cotton,Rainfed,Loam,West,123.35,40,106.81
4.53,Cotton,Rainfed,Clay,West,162.1,40,163.47
4.57,Maize,Rainfed,Clay,East,102.23,30,132.15
4.78,Cotton,Rainfed,Sandy,South,224.72,40,194.01
3.34,Maize,Rainfed,Clay,East,92.61,30,96.06
1.98,Paddy,Rainfed,Loam,East,102.59,50,104.0
4.06,Cotton,Borewell,Clay,South,177.8,40,149.12
2.72,Paddy,Rainfed,Sandy,South,99.11,50,137.35
2.49,Cotton,Borewell,Clay,West,113.93,40,96.63
1.03,Maize,Rainfed,Sandy,West,23.84,30,32.52
3.28,Maize,Borewell,Clay,West,73.86,30,90.22
3.65,Maize,Borewell,Sandy,West,80.63,30,116.55
3.68,Maize,Borewell,Loam,East,81.77,30,101.23
4.94,Maize,Rainfed,Sandy,South,131.47,30,144.37
4.16,Maize,Borewell,Loam,West,146.47,30,136.93
3.89,Maize,Borewell,Loam,East,103.64,30,106.98
4.0,Cotton,Rainfed,Sandy,South,156.67,40,157.58
4.58,Maize,Borewell,Sandy,North,103.82,30,137.2
0.55,Maize,Borewell,Clay,West,15.42,30,15.04
1.03,Paddy,Rainfed,Clay,North,39.08,50,53.04
3.86,Maize,Rainfed,Loam,South,114.84,30,126.5
2.19,Maize,Rainfed,Loam,West,55.38,30,70.54
1.51,Maize,Rainfed,Loam,North,53.53,30,40.88
4.86,Maize,Borewell,Sandy,North,105.21,30,157.21
2.87,Maize,Borewell,Sandy,North,103.02,30,78.76
2.99,Cotton,Borewell,Clay,South,141.68,40,120.15
3.33,Paddy,Borewell,Sandy,South,174.47,50,164.99
3.32,Paddy,Borewell,Loam,North,164.7,50,179.32
0.7,Cotton,Borewell,Loam,East,23.53,40,30.52
4.51,Maize,Borewell,Sandy,North,125.54,30,138.55
1.75,Paddy,Rainfed,Clay,North,69.48,50,86.86
2.09,Maize,Rainfed,Loam,South,62.19,30,57.4
4.88,Paddy,Borewell,Clay,East,291.12,50,253.67
2.91,Cotton,Borewell,Sandy,North,99.49,40,123.71
3.58,Maize,Rainfed,Sandy,East,83.91,30,116.23
4.2,Paddy,Rainfed,Clay,West,246.73,50,219.48
3.26,Maize,Borewell,Loam,East,88.91,30,106.26
4.4,Cotton,Rainfed,Sandy,South,127.18,40,159.33
2.19,Maize,Borewell,Sandy,East,72.62,30,72.1
1.18,Cotton,Rainfed,Loam,West,47.06,40,46.08
4.86,Cotton,Rainfed,Loam,South,217.93,40,207.55
2.61,Paddy,Rainfed,Loam,South,118.42,50,124.59
0.75,Maize,Rainfed,Loam,North,25.48,30,23.91
5.0,Maize,Rainfed,Clay,West,179.75,30,151.66
3.96,Paddy,Rainfed,Loam,East,232.13,50,211.85
1.61,Maize,Rainfed,Sandy,North,44.69,30,44.72
4.79,Cotton,Borewell,Clay,South,192.19,40,181.2
3.52,Cotton,Rainfed,Loam,South,142.08,40,136.81
1.01,Cotton,Rainfed,Sandy,West,41.85,40,40.56
3.98,Maize,Borewell,Clay,East,114.63,30,127.81
2.98,Paddy,Rainfed,Sandy,South,146.09,50,160.22
2.32,Maize,Rainfed,Loam,East,53.38,30,63.04
3.9,Maize,Rainfed,Loam,West,118.19,30,121.78
1.46,Maize,Rainfed,Loam,South,33.65,30,39.55
2.08,Paddy,Borewell,Loam,North,103.48,50,101.76
2.47,Cotton,Borewell,Clay,South,113.83,40,95.8
2.81,Cotton,Rainfed,Loam,East,122.72,40,110.07
3.3,Paddy,Borewell,Loam,South,186.65,50,179.83
1.16,Maize,Borewell,Loam,North,40.48,30,34.75
1.66,Cotton,Borewell,Loam,North,61.72,40,72.77
2.72,Paddy,Rainfed,Sandy,South,117.56,50,139.63
1.58,Cotton,Rainfed,Clay,North,46.64,40,58.51
1.08,Cotton,Rainfed,Loam,West,33.52,40,40.08
3.38,Maize,Rainfed,Clay,North,80.2,30,98.27
4.54,Maize,Rainfed,Clay,North,127.62,30,140.76
1.28,Maize,Rainfed,Clay,North,30.57,30,34.87
1.26,Paddy,Borewell,Sandy,East,52.88,50,58.93
0.9,Paddy,Borewell,Clay,West,34.21,50,44.65
1.43,Cotton,Borewell,Sandy,West,50.46,40,57.24
3.61,Maize,Rainfed,Loam,West,77.94,30,114.79
3.33,Maize,Borewell,Sandy,North,74.01,30,107.36
4.64,Paddy,Borewell,Loam,North,169.49,50,221.65
4.13,Paddy,Borewell,Clay,North,221.81,50,193.47
1.44,Paddy,Borewell,Loam,West,63.74,50,71.78
3.28,Cotton,Rainfed,Loam,North,116.04,40,130.22
3.86,Paddy,Rainfed,Sandy,East,138.64,50,183.44
3.71,Cotton,Rainfed,Clay,South,170.3,40,148.75
2.89,Maize,Borewell,Loam,North,65.34,30,85.79
2.9,Cotton,Borewell,Sandy,South,95.26,40,110.65
2.2,Maize,Borewell,Clay,North,46.86,30,63.65
1.45,Paddy,Rainfed,Sandy,East,62.62,50,66.99
4.51,Maize,Borewell,Loam,East,134.87,30,140.15
4.05,Cotton,Rainfed,Loam,West,153.77,40,148.62
2.92,Maize,Borewell,Sandy,North,87.02,30,91.9
2.44,Maize,Rainfed,Sandy,East,55.91,30,70.03
2.13,Paddy,Borewell,Clay,North,108.95,50,108.01
2.1,Cotton,Rainfed,Sandy,North,100.23,40,85.78
1.57,Paddy,Rainfed,Sandy,West,58.94,50,73.05
1.61,Maize,Borewell,Sandy,West,37.69,30,45.27
1.78,Cotton,Rainfed,Clay,West,56.01,40,76.85
0.86,Maize,Rainfed,Loam,East,24.83,30,25.34
4.92,Cotton,Borewell,Clay,East,148.78,40,192.78
4.86,Maize,Rainfed,Loam,West,165.16,30,155.05
1.66,Cotton,Borewell,Loam,North,52.15,40,68.64
4.68,Maize,Rainfed,Loam,North,137.36,30,142.41
1.76,Maize,Borewell,Sandy,West,57.27,30,49.5
1.96,Maize,Borewell,Clay,East,53.67,30,58.89
1.59,Cotton,Rainfed,Sandy,West,48.17,40,65.01
1.8,Paddy,Borewell,Loam,South,89.16,50,83.78
2.67,Maize,Rainfed,Sandy,West,77.4,30,72.92
2.01,Paddy,Borewell,Sandy,South,77.1,50,91.72
4.95,Cotton,Borewell,Loam,North,170.51,40,210.27
1.65,Cotton,Rainfed,Clay,South,68.69,40,69.44
3.18,Paddy,Rainfed,Clay,South,148.79,50,156.2
2.07,Maize,Rainfed,Sandy,East,72.33,30,66.21
4.84,Maize,Rainfed,Loam,South,110.66,30,151.9
4.72,Maize,Borewell,Loam,South,111.95,30,129.32
3.84,Cotton,Borewell,Clay,East,151.64,40,164.1
1.13,Maize,Rainfed,Sandy,East,37.21,30,31.88
1.24,Paddy,Rainfed,Sandy,East,48.49,50,65.9
3.49,Cotton,Rainfed,Clay,West,134.23,40,135.66
4.45,Cotton,Rainfed,Loam,East,159.53,40,189.27
2.48,Cotton,Rainfed,Loam,East,88.14,40,98.46
1.86,Paddy,Borewell,Sandy,West,99.86,50,93.05
1.54,Paddy,Rainfed,Clay,East,88.53,50,75.21
2.95,Cotton,Rainfed,Sandy,West,136.08,40,120.93
1.03,Maize,Borewell,Loam,North,36.15,30,31.69
2.01,Paddy,Rainfed,Clay,West,77.35,50,106.41
3.29,Paddy,Rainfed,Clay,South,159.03,50,177.46
4.05,Maize,Borewell,Clay,West,94.26,30,116.92
1.62,Maize,Rainfed,Sandy,West,52.1,30,44.07
3.06,Cotton,Borewell,Loam,West,132.34,40,131.62
2.04,Maize,Rainfed,Sandy,North,67.97,30,56.43
4.31,Cotton,Borewell,Clay,East,131.67,40,168.86
4.09,Paddy,Borewell,Loam,North,158.48,50,193.43
3.75,Cotton,Borewell,Loam,South,159.0,40,154.23
3.62,Cotton,Rainfed,Clay,North,140.65,40,137.61
2.06,Maize,Borewell,Loam,East,48.87,30,66.85
3.13,Maize,Rainfed,Clay,South,84.55,30,93.19
4.76,Cotton,Rainfed,Sandy,South,147.88,40,193.68
2.78,Paddy,Borewell,Clay,West,139.8,50,125.6
4.42,Cotton,Borewell,Loam,South,206.16,40,179.1
3.63,Paddy,Rainfed,Sandy,East,210.77,50,189.02
1.19,Maize,Rainfed,Sandy,North,35.28,30,36.46
2.41,Maize,Rainfed,Sandy,South,77.23,30,78.58
4.67,Paddy,Rainfed,Loam,East,216.09,50,215.44
4.93,Cotton,Rainfed,Sandy,East,220.76,40,182.4
4.64,Maize,Rainfed,Clay,West,157.98,30,139.72
3.16,Maize,Borewell,Clay,West,85.27,30,86.36
2.01,Cotton,Rainfed,Sandy,East,88.55,40,72.43
2.0,Cotton,Rainfed,Clay,West,71.93,40,80.6
4.64,Maize,Borewell,Sandy,North,121.55,30,134.94
3.82,Cotton,Rainfed,Loam,South,141.51,40,144.38
2.54,Cotton,Rainfed,Clay,South,78.28,40,95.02
2.74,Cotton,Rainfed,Sandy,South,99.68,40,118.69
2.13,Cotton,Borewell,Sandy,North,84.37,40,87.45
0.56,Maize,Rainfed,Clay,East,17.33,30,15.72
4.82,Cotton,Borewell,Clay,East,149.29,40,189.51
0.88,Maize,Rainfed,Clay,South,31.64,30,26.41
3.18,Paddy,Rainfed,Sandy,East,116.63,50,166.95
1.44,Paddy,Rainfed,Loam,East,82.73,50,67.75
1.36,Cotton,Rainfed,Clay,West,39.07,40,54.1
3.04,Paddy,Borewell,Clay,West,111.39,50,160.38
2.54,Cotton,Rainfed,Clay,West,97.76,40,100.4
2.3,Paddy,Rainfed,Sandy,North,112.68,50,107.07
1.32,Maize,Rainfed,Sandy,East,44.78,30,43.13
2.18,Cotton,Rainfed,Sandy,East,72.84,40,89.71
2.34,Paddy,Borewell,Loam,North,83.39,50,108.95
3.72,Cotton,Rainfed,Sandy,South,153.18,40,134.73
1.5,Cotton,Borewell,Sandy,West,48.93,40,62.06
0.59,Cotton,Rainfed,Sandy,West,17.75,40,25.02
1.3,Paddy,Borewell,Clay,North,66.71,50,61.6
0.95,Maize,Rainfed,Clay,North,23.42,30,29.77
4.35,Paddy,Borewell,Loam,West,242.54,50,213.03
3.51,Maize,Rainfed,Sandy,South,84.5,30,100.94
4.53,Maize,Borewell,Loam,West,96.01,30,124.63
1.44,Maize,Borewell,Sandy,East,30.81,30,40.45
3.12,Paddy,Rainfed,Loam,South,142.07,50,168.25
4.18,Maize,Borewell,Sandy,East,109.21,30,119.37
2.21,Cotton,Rainfed,Clay,West,87.97,40,84.3
3.31,Maize,Borewell,Clay,West,89.84,30,100.33
2.46,Paddy,Borewell,Sandy,North,104.21,50,134.03
3.94,Paddy,Rainfed,Clay,South,151.7,50,211.52
2.69,Cotton,Borewell,Clay,South,123.45,40,114.05
2.41,Cotton,Borewell,Clay,East,68.56,40,91.94
2.94,Paddy,Borewell,Loam,South,149.46,50,139.88
1.13,Paddy,Rainfed,Clay,North,63.14,50,61.97
2.87,Cotton,Borewell,Clay,North,90.21,40,109.57
0.58,Maize,Borewell,Sandy,East,20.13,30,16.07
3.09,Paddy,Borewell,Loam,North,129.32,50,156.17
3.43,Paddy,Rainfed,Sandy,North,191.2,50,161.43
0.55,Cotton,Borewell,Loam,West,16.91,40,23.76
4.43,Maize,Borewell,Loam,South,132.73,30,135.57
3.49,Cotton,Borewell,Sandy,East,109.96,40,151.17
2.38,Maize,Borewell,Clay,West,63.66,30,71.67
0.71,Maize,Rainfed,Sandy,North,16.68,30,22.31
0.87,Maize,Rainfed,Clay,North,26.14,30,24.77
2.25,Maize,Borewell,Clay,South,56.99,30,65.55
3.74,Maize,Rainfed,Loam,East,95.21,30,113.69
2.64,Maize,Rainfed,Clay,North,81.72,30,86.12
3.8,Cotton,Borewell,Loam,West,122.74,40,137.75
1.68,Paddy,Rainfed,Loam,West,83.79,50,76.46
2.73,Maize,Rainfed,Sandy,North,81.77,30,79.18
3.97,Maize,Rainfed,Loam,East,89.72,30,108.98
3.78,Maize,Borewell,Sandy,West,107.47,30,117.67
2.46,Paddy,Borewell,Clay,North,101.25,50,130.85
4.1,Maize,Borewell,Sandy,East,128.82,30,117.39
3.16,Paddy,Borewell,Sandy,East,139.12,50,145.09
4.63,Cotton,Borewell,Loam,East,142.31,40,201.88
2.51,Cotton,Rainfed,Sandy,North,79.57,40,101.24
4.43,Maize,Rainfed,Loam,North,141.69,30,141.05
3.46,Cotton,Borewell,Clay,West,144.79,40,148.07
1.62,Paddy,Borewell,Loam,East,76.52,50,76.48
4.94,Paddy,Rainfed,Sandy,South,289.49,50,224.25
3.68,Maize,Borewell,Sandy,East,128.35,30,103.35
3.06,Paddy,Borewell,Loam,East,177.13,50,138.74
3.64,Maize,Rainfed,Clay,South,92.68,30,118.47
4.87,Paddy,Rainfed,Clay,South,285.41,50,242.24
4.38,Cotton,Borewell,Clay,South,196.62,40,168.86
4.23,Maize,Rainfed,Loam,East,91.18,30,129.34
1.54,Paddy,Rainfed,Loam,East,58.54,50,70.49
3.63,Cotton,Borewell,Clay,South,126.31,40,151.73
0.79,Paddy,Borewell,Sandy,North,33.88,50,39.81
4.06,Maize,Rainfed,Sandy,West,104.67,30,124.87
4.49,Maize,Rainfed,Loam,East,135.77,30,127.51
0.61,Paddy,Borewell,Loam,West,34.62,50,27.58
4.44,Paddy,Rainfed,Sandy,West,214.11,50,241.49
4.09,Cotton,Rainfed,Clay,South,196.15,40,158.72
3.95,Maize,Borewell,Clay,South,106.76,30,118.02
3.32,Maize,Borewell,Clay,East,113.23,30,109.24
3.96,Maize,Rainfed,Clay,North,107.98,30,116.93
3.82,Maize,Rainfed,Clay,South,93.9,30,105.67
2.1,Maize,Borewell,Sandy,East,53.15,30,60.43
1.55,Paddy,Rainfed,Sandy,North,55.88,50,70.03
4.94,Maize,Borewell,Loam,North,135.44,30,144.77
3.56,Maize,Rainfed,Sandy,West,86.41,30,116.41
4.04,Cotton,Rainfed,Loam,North,120.34,40,158.94
4.46,Maize,Borewell,Loam,South,156.86,30,132.93
3.26,Cotton,Rainfed,Sandy,East,102.17,40,143.21
1.54,Paddy,Rainfed,Clay,South,90.2,50,79.3
3.23,Maize,Rainfed,Sandy,North,92.67,30,91.68
1.29,Maize,Rainfed,Sandy,East,31.36,30,36.27
4.01,Paddy,Rainfed,Clay,North,175.45,50,182.77
4.86,Cotton,Borewell,Sandy,South,221.98,40,211.03
4.98,Maize,Rainfed,Sandy,South,117.57,30,146.3
3.91,Paddy,Borewell,Clay,East,204.89,50,181.97
4.17,Paddy,Borewell,Sandy,South,169.35,50,196.98
2.92,Cotton,Borewell,Clay,West,116.39,40,118.67
0.91,Maize,Rainfed,Sandy,East,31.09,30,26.02
1.08,Cotton,Rainfed,Clay,West,49.44,40,47.14
4.38,Paddy,Rainfed,Loam,East,241.94,50,225.8
2.98,Maize,Borewell,Loam,North,66.47,30,87.76
2.18,Maize,Rainfed,Loam,North,54.27,30,68.32
2.73,Paddy,Rainfed,Loam,North,101.08,50,128.86
3.57,Cotton,Borewell,Sandy,West,105.4,40,152.83
2.73,Maize,Borewell,Loam,South,77.01,30,83.41
4.21,Maize,Rainfed,Sandy,South,110.37,30,130.8
3.05,Paddy,Rainfed,Clay,East,127.11,50,164.05
4.09,Cotton,Borewell,Sandy,South,168.38,40,175.07
4.4,Paddy,Borewell,Sandy,West,231.92,50,234.83
3.64,Maize,Borewell,Loam,East,113.58,30,111.79
3.89,Maize,Rainfed,Loam,East,90.94,30,125.59
4.42,Cotton,Borewell,Sandy,East,126.35,40,188.32
1.08,Paddy,Rainfed,Clay,West,46.85,50,56.63
1.22,Maize,Rainfed,Sandy,South,40.59,30,39.03
2.78,Maize,Borewell,Sandy,South,58.65,30,79.85
3.28,Maize,Rainfed,Sandy,West,117.15,30,100.99
1.67,Paddy,Borewell,Loam,West,84.92,50,84.17
4.01,Cotton,Rainfed,Clay,North,120.86,40,168.77
2.94,Cotton,Rainfed,Sandy,East,138.94,40,113.88
3.35,Paddy,Rainfed,Loam,South,195.31,50,154.18
4.72,Paddy,Rainfed,Loam,South,246.37,50,215.6
1.85,Paddy,Borewell,Clay,North,97.5,50,84.5
3.12,Maize,Borewell,Sandy,North,81.71,30,95.86
0.71,Cotton,Rainfed,Sandy,South,32.26,40,31.09
4.86,Cotton,Rainfed,Clay,South,208.95,40,180.02
3.91,Paddy,Borewell,Sandy,West,139.25,50,176.82
1.96,Paddy,Rainfed,Loam,South,92.54,50,103.3
3.57,Maize,Rainfed,Sandy,West,98.85,30,102.25
4.99,Paddy,Borewell,Loam,West,227.82,50,247.07
1.24,Paddy,Rainfed,Sandy,West,68.04,50,64.4
1.49,Maize,Rainfed,Loam,West,33.13,30,46.31
3.45,Paddy,Borewell,Sandy,South,144.32,50,188.05
1.18,Maize,Borewell,Sandy,West,32.43,30,38.54
2.39,Maize,Borewell,Sandy,North,73.08,30,70.23
1.73,Maize,Borewell,Clay,East,61.86,30,50.96
4.52,Maize,Borewell,Loam,North,110.51,30,127.82
0.64,Paddy,Rainfed,Loam,North,32.83,50,31.16
4.39,Maize,Borewell,Loam,East,123.35,30,144.03
1.33,Paddy,Rainfed,Clay,East,75.43,50,70.18
3.97,Paddy,Borewell,Loam,North,222.79,50,208.86
3.32,Cotton,Rainfed,Clay,South,101.67,40,120.38
4.64,Paddy,Rainfed,Loam,South,233.93,50,245.76
2.67,Cotton,Rainfed,Loam,North,81.02,40,98.79
3.59,Paddy,Borewell,Loam,South,164.27,50,168.75
2.71,Paddy,Rainfed,Clay,East,99.2,50,137.72
1.71,Paddy,Rainfed,Clay,North,93.95,50,82.26
2.55,Paddy,Rainfed,Sandy,West,89.99,50,116.6
2.27,Paddy,Borewell,Loam,North,106.69,50,115.77
1.81,Cotton,Borewell,Sandy,South,75.84,40,77.61
4.01,Maize,Rainfed,Clay,East,86.59,30,119.83
0.97,Paddy,Rainfed,Clay,North,39.82,50,53.22
1.14,Cotton,Rainfed,Clay,North,43.29,40,46.68
3.66,Maize,Rainfed,Clay,West,107.58,30,99.03
1.97,Maize,Rainfed,Sandy,North,56.67,30,54.23
2.08,Maize,Borewell,Loam,South,44.72,30,57.14
2.29,Cotton,Borewell,Sandy,East,70.2,40,92.84
3.6,Paddy,Borewell,Loam,East,198.05,50,169.21
1.25,Cotton,Borewell,Sandy,West,37.61,40,51.36
3.68,Cotton,Rainfed,Sandy,South,105.36,40,160.04
0.73,Paddy,Borewell,Sandy,West,35.43,50,38.03
4.42,Paddy,Rainfed,Clay,North,233.61,50,234.34
2.03,Paddy,Borewell,Loam,East,112.4,50,92.98
4.53,Cotton,Rainfed,Sandy,West,176.45,40,192.7
2.54,Maize,Borewell,Sandy,South,77.86,30,76.6
3.79,Maize,Rainfed,Clay,East,84.23,30,103.7
1.61,Maize,Borewell,Loam,West,37.66,30,51.89
1.49,Maize,Rainfed,Loam,East,53.1,30,43.24
1.32,Paddy,Rainfed,Sandy,West,72.26,50,68.09
2.74,Maize,Rainfed,Clay,West,80.37,30,85.8
1.53,Paddy,Rainfed,Sandy,South,91.66,50,83.76
3.43,Cotton,Rainfed,Loam,North,109.73,40,142.15
0.82,Paddy,Rainfed,Sandy,East,29.33,50,39.01
2.58,Maize,Rainfed,Sandy,West,87.78,30,80.92
3.84,Paddy,Rainfed,Loam,West,175.25,50,186.08
2.17,Paddy,Rainfed,Sandy,West,129.53,50,98.52
4.4,Maize,Borewell,Clay,West,130.59,30,130.38
3.76,Maize,Borewell,Clay,South,106.41,30,121.22
4.55,Cotton,Rainfed,Clay,South,165.78,40,173.88
3.17,Paddy,Borewell,Sandy,East,183.25,50,149.33
3.3,Maize,Rainfed,Sandy,North,100.56,30,103.62
1.09,Cotton,Borewell,Sandy,West,46.12,40,47.17
1.31,Maize,Rainfed,Loam,North,32.18,30,43.01
1.31,Cotton,Borewell,Sandy,East,59.06,40,52.32
1.61,Maize,Rainfed,Sandy,East,54.84,30,47.77
2.82,Paddy,Borewell,Clay,South,124.03,50,143.62
1.24,Maize,Rainfed,Sandy,North,33.31,30,40.69
1.66,Maize,Rainfed,Sandy,West,51.21,30,48.06
3.98,Paddy,Rainfed,Sandy,West,152.32,50,217.7
2.54,Paddy,Borewell,Clay,North,103.89,50,116.17
1.26,Maize,Borewell,Sandy,West,36.28,30,36.57
4.23,Paddy,Rainfed,Sandy,East,193.62,50,200.87
3.28,Cotton,Borewell,Sandy,East,138.2,40,122.46
1.25,Maize,Borewell,Sandy,South,26.94,30,39.27
3.49,Maize,Borewell,Clay,South,98.14,30,111.91
4.13,Paddy,Borewell,Loam,North,204.99,50,221.71
1.43,Maize,Rainfed,Loam,South,32.43,30,40.92
0.76,Cotton,Borewell,Clay,East,29.35,40,33.05
0.68,Maize,Rainfed,Sandy,West,15.53,30,20.2
4.7,Maize,Borewell,Clay,East,120.99,30,141.2
0.69,Cotton,Borewell,Loam,West,21.37,40,30.29
4.84,Cotton,Rainfed,Clay,South,136.0,40,211.09
3.38,Paddy,Rainfed,Sandy,North,191.64,50,167.47
2.82,Paddy,Borewell,Loam,South,133.16,50,145.71
1.13,Paddy,Rainfed,Sandy,South,40.4,50,54.33
3.67,Maize,Rainfed,Clay,East,88.18,30,113.92
4.86,Paddy,Rainfed,Clay,East,181.51,50,251.39
2.5,Cotton,Borewell,Sandy,South,113.41,40,93.54
3.62,Cotton,Borewell,Clay,East,162.04,40,157.68
3.57,Cotton,Borewell,Clay,North,135.46,40,146.17
4.41,Paddy,Rainfed,Sandy,South,217.26,50,199.79
4.69,Cotton,Rainfed,Sandy,North,196.0,40,194.22
1.47,Maize,Rainfed,Sandy,East,45.4,30,43.16
3.43,Maize,Borewell,Sandy,West,77.51,30,106.15
5.0,Maize,Rainfed,Clay,North,108.62,30,164.32
2.33,Paddy,Rainfed,Loam,West,132.27,50,123.08
3.05,Maize,Borewell,Loam,South,97.83,30,98.43
2.32,Maize,Rainfed,Sandy,East,60.1,30,71.93
4.14,Maize,Borewell,Loam,North,134.28,30,131.6
2.46,Maize,Borewell,Loam,North,81.84,30,68.19
2.95,Maize,Rainfed,Clay,South,62.2,30,85.4
2.15,Paddy,Borewell,Loam,West,96.54,50,111.7
2.25,Cotton,Rainfed,Clay,South,83.19,40,85.28
2.18,Maize,Rainfed,Clay,South,53.21,30,59.82
3.22,Maize,Rainfed,Loam,East,99.89,30,98.91
2.59,Maize,Borewell,Clay,West,69.14,30,83.35
2.84,Cotton,Rainfed,Clay,South,106.74,40,102.82
2.04,Cotton,Rainfed,Clay,North,72.63,40,79.95
3.11,Maize,Rainfed,Sandy,West,90.2,30,95.31
3.94,Maize,Borewell,Clay,West,130.79,30,123.36
4.8,Paddy,Rainfed,Sandy,East,170.19,50,225.4
0.53,Maize,Rainfed,Clay,West,16.28,30,17.17
1.6,Paddy,Borewell,Loam,East,93.08,50,72.96
4.7,Paddy,Rainfed,Sandy,West,205.82,50,216.27
2.69,Cotton,Rainfed,Sandy,North,89.13,40,102.97
1.88,Paddy,Borewell,Loam,East,103.54,50,94.74
1.9,Maize,Rainfed,Clay,South,57.29,30,59.46
1.73,Cotton,Rainfed,Sandy,North,62.75,40,63.97
1.32,Paddy,Borewell,Clay,East,68.68,50,61.79
2.86,Maize,Rainfed,Clay,South,90.48,30,79.05
3.05,Maize,Rainfed,Clay,West,75.79,30,99.97
2.68,Cotton,Rainfed,Sandy,East,118.24,40,108.28
0.7,Cotton,Rainfed,Sandy,East,28.46,40,30.53
3.21,Maize,Borewell,Loam,East,106.85,30,103.7
1.53,Cotton,Borewell,Loam,East,49.33,40,62.56
2.35,Cotton,Borewell,Sandy,West,105.27,40,101.52
2.09,Maize,Borewell,Sandy,North,51.32,30,66.22
1.74,Cotton,Rainfed,Clay,West,77.35,40,68.54
3.5,Paddy,Borewell,Clay,North,130.86,50,179.34
2.53,Paddy,Borewell,Loam,East,125.65,50,118.1
3.82,Maize,Borewell,Loam,South,129.66,30,108.11
0.93,Maize,Rainfed,Sandy,North,19.86,30,28.69
3.23,Cotton,Borewell,Sandy,South,125.76,40,122.27
2.26,Cotton,Rainfed,Sandy,West,90.15,40,90.34
4.95,Cotton,Rainfed,Loam,South,152.11,40,205.73
2.32,Maize,Rainfed,Sandy,East,63.62,30,72.63
3.62,Cotton,Rainfed,Sandy,West,173.13,40,134.04
0.97,Paddy,Borewell,Loam,East,51.52,50,49.26
1.73,Paddy,Rainfed,Loam,South,63.98,50,79.33
4.52,Cotton,Rainfed,Loam,West,143.9,40,174.41
1.52,Maize,Rainfed,Loam,North,40.01,30,41.67
2.84,Cotton,Rainfed,Loam,East,83.36,40,120.42
1.55,Paddy,Rainfed,Clay,East,75.18,50,83.39
3.43,Cotton,Borewell,Loam,West,132.6,40,132.38
2.0,Cotton,Rainfed,Sandy,West,82.78,40,87.91
3.48,Paddy,Borewell,Sandy,East,170.33,50,182.03
2.59,Cotton,Rainfed,Clay,North,75.64,40,104.89
4.81,Cotton,Borewell,Clay,North,151.54,40,199.71
1.4,Cotton,Borewell,Sandy,South,54.2,40,51.48
2.53,Paddy,Borewell,Loam,East,136.38,50,122.64
3.49,Cotton,Rainfed,Clay,South,153.24,40,151.53
1.56,Paddy,Borewell,Loam,West,70.17,50,72.58
4.97,Maize,Borewell,Loam,East,173.48,30,150.29
4.29,Maize,Borewell,Clay,South,123.61,30,131.88
0.9,Cotton,Borewell,Clay,West,38.79,40,33.32
4.22,Paddy,Borewell,Loam,West,230.2,50,219.81
0.66,Paddy,Rainfed,Clay,North,28.1,50,31.44
2.12,Maize,Borewell,Loam,East,47.31,30,69.16
2.99,Maize,Rainfed,Clay,West,76.49,30,87.85
2.51,Maize,Borewell,Clay,East,75.32,30,75.54
4.64,Paddy,Rainfed,Sandy,East,220.05,50,254.84
4.33,Cotton,Borewell,Clay,East,139.3,40,188.12
1.02,Maize,Borewell,Clay,West,33.93,30,29.87
4.45,Maize,Rainfed,Clay,West,151.39,30,141.67
4.06,Cotton,Borewell,Clay,South,138.42,40,148.79
2.31,Maize,Rainfed,Clay,North,54.52,30,72.0
2.06,Maize,Rainfed,Clay,West,73.41,30,63.54
4.2,Maize,Rainfed,Loam,North,96.55,30,135.12
4.65,Maize,Rainfed,Sandy,South,131.62,30,142.46
3.94,Paddy,Borewell,Loam,East,155.12,50,197.1
2.29,Paddy,Rainfed,Sandy,East,88.53,50,111.47
0.81,Cotton,Borewell,Sandy,East,23.1,40,30.04
4.83,Maize,Borewell,Clay,South,141.24,30,158.4
2.45,Maize,Borewell,Loam,East,62.91,30,73.59
2.48,Maize,Rainfed,Sandy,South,56.01,30,76.5
1.47,Paddy,Borewell,Sandy,West,74.22,50,75.71
1.18,Cotton,Rainfed,Clay,North,34.49,40,49.85
2.57,Paddy,Borewell,Sandy,South,93.69,50,141.22
0.76,Paddy,Rainfed,Sandy,West,39.81,50,41.68
1.58,Paddy,Borewell,Sandy,West,60.92,50,73.02
1.86,Paddy,Rainfed,Clay,West,69.8,50,96.57
0.78,Paddy,Rainfed,Loam,North,37.23,50,42.87
4.16,Cotton,Rainfed,Sandy,East,167.67,40,159.95
3.31,Cotton,Borewell,Loam,East,127.57,40,130.44
1.09,Paddy,Borewell,Sandy,North,62.31,50,53.95
1.38,Paddy,Rainfed,Loam,North,60.99,50,67.81
4.22,Cotton,Borewell,Clay,West,180.08,40,177.89
0.55,Paddy,Rainfed,Loam,South,24.97,50,27.4
0.59,Paddy,Rainfed,Loam,West,24.48,50,31.04
1.12,Maize,Rainfed,Loam,North,32.51,30,31.69
0.55,Cotton,Borewell,Sandy,East,18.05,40,24.09
4.11,Paddy,Borewell,Sandy,West,242.45,50,205.0
0.99,Cotton,Borewell,Sandy,South,38.57,40,39.24
4.3,Paddy,Borewell,Loam,West,161.04,50,214.49
1.18,Cotton,Rainfed,Sandy,West,40.7,40,49.44
2.64,Paddy,Borewell,Loam,East,117.21,50,129.21
2.57,Paddy,Rainfed,Clay,North,140.39,50,138.58
4.8,Paddy,Rainfed,Sandy,North,262.43,50,231.14
3.6,Paddy,Borewell,Clay,North,165.38,50,171.17
4.28,Cotton,Borewell,Loam,North,123.13,40,184.96
2.58,Paddy,Borewell,Loam,West,131.4,50,133.11
4.53,Paddy,Borewell,Clay,South,230.65,50,231.66
0.8,Cotton,Rainfed,Clay,East,30.69,40,29.76
3.82,Cotton,Rainfed,Clay,East,146.09,40,158.31
0.69,Paddy,Borewell,Loam,East,25.61,50,35.99
0.82,Maize,Borewell,Sandy,South,18.1,30,22.2
4.8,Cotton,Rainfed,Sandy,West,205.2,40,186.36
1.83,Paddy,Rainfed,Sandy,West,80.05,50,96.53
3.48,Cotton,Rainfed,Sandy,West,110.33,40,130.13
0.94,Maize,Borewell,Loam,West,29.05,30,29.69
1.69,Paddy,Rainfed,Clay,South,60.03,50,77.44
4.86,Maize,Borewell,Loam,North,123.6,30,153.65
3.31,Cotton,Rainfed,Loam,South,117.96,40,124.61
1.05,Maize,Borewell,Loam,South,31.74,30,33.23
3.4,Maize,Borewell,Loam,East,98.45,30,92.66
4.86,Paddy,Borewell,Clay,East,267.14,50,232.93
4.91,Maize,Borewell,Clay,South,147.44,30,149.73
3.87,Cotton,Borewell,Loam,South,171.19,40,159.64
1.08,Maize,Rainfed,Clay,South,28.16,30,35.17
1.51,Paddy,Borewell,Sandy,West,66.9,50,74.47
2.48,Paddy,Borewell,Loam,South,124.8,50,134.99
1.58,Cotton,Rainfed,Loam,West,48.08,40,59.38
4.49,Maize,Rainfed,Loam,East,137.79,30,128.93
4.17,Maize,Rainfed,Loam,North,141.45,30,133.77
4.64,Cotton,Rainfed,Loam,South,153.33,40,195.07
2.57,Maize,Rainfed,Loam,North,86.43,30,80.62
3.99,Cotton,Borewell,Sandy,South,164.08,40,149.3
2.95,Paddy,Rainfed,Sandy,West,175.87,50,160.4
0.69,Maize,Borewell,Clay,East,16.2,30,19.18
3.77,Paddy,Rainfed,Sandy,South,209.03,50,177.7
2.78,Maize,Rainfed,Loam,West,93.44,30,87.28
2.94,Cotton,Rainfed,Loam,South,117.03,40,117.8
1.84,Cotton,Rainfed,Clay,South,72.31,40,76.38
4.43,Cotton,Rainfed,Clay,North,180.42,40,186.45
1.22,Cotton,Borewell,Clay,North,45.42,40,44.01
1.61,Paddy,Rainfed,Clay,South,85.59,50,88.42
0.95,Paddy,Borewell,Clay,South,42.79,50,50.35
1.42,Cotton,Rainfed,Loam,North,55.52,40,59.45
3.27,Cotton,Rainfed,Sandy,West,103.86,40,127.02
4.03,Paddy,Borewell,Sandy,West,196.89,50,181.56
3.92,Paddy,Borewell,Sandy,East,140.66,50,205.63
1.41,Cotton,Rainfed,Clay,West,66.5,40,54.91
1.97,Paddy,Borewell,Clay,South,76.28,50,94.67
4.44,Paddy,Borewell,Sandy,East,265.99,50,216.15
2.52,Maize,Rainfed,Loam,North,80.21,30,81.44
3.17,Maize,Rainfed,Loam,South,85.19,30,93.44
3.63,Cotton,Borewell,Loam,North,101.87,40,148.67
2.1,Cotton,Borewell,Clay,West,92.16,40,77.16
3.15,Maize,Rainfed,Sandy,West,88.88,30,97.19
0.79,Paddy,Borewell,Sandy,South,39.1,50,39.99
3.02,Paddy,Rainfed,Loam,East,151.26,50,156.33
4.12,Cotton,Borewell,Sandy,North,137.59,40,175.51
2.74,Paddy,Borewell,Sandy,West,101.18,50,124.9
2.0,Maize,Borewell,Clay,East,65.55,30,62.49
4.05,Cotton,Borewell,Clay,East,155.3,40,160.06
1.16,Paddy,Borewell,Sandy,South,50.12,50,57.23
0.9,Cotton,Rainfed,Clay,East,29.17,40,36.71
3.81,Paddy,Borewell,Sandy,West,228.44,50,207.0
3.39,Cotton,Rainfed,Loam,South,123.48,40,139.29
4.04,Cotton,Borewell,Sandy,East,122.68,40,158.69
4.28,Paddy,Borewell,Loam,South,190.87,50,217.08
3.14,Paddy,Rainfed,Sandy,West,124.38,50,152.67
2.01,Maize,Borewell,Sandy,East,43.0,30,54.56
4.24,Maize,Rainfed,Clay,East,106.41,30,127.66
1.84,Cotton,Rainfed,Loam,South,86.14,40,70.06
2.43,Cotton,Rainfed,Clay,East,110.45,40,103.85
1.34,Paddy,Borewell,Clay,East,73.79,50,66.44
2.67,Paddy,Rainfed,Sandy,South,102.36,50,122.3
3.78,Cotton,Rainfed,Loam,East,143.37,40,149.29
3.78,Paddy,Borewell,Clay,East,204.64,50,176.11
3.25,Maize,Rainfed,Loam,North,74.85,30,102.4
3.46,Paddy,Borewell,Clay,West,203.85,50,158.09
0.76,Maize,Rainfed,Clay,North,19.18,30,21.71
1.61,Paddy,Rainfed,Sandy,North,92.83,50,76.47
1.72,Cotton,Rainfed,Loam,North,74.28,40,68.11
4.0,Maize,Rainfed,Loam,North,87.92,30,119.7
0.65,Cotton,Borewell,Sandy,South,19.01,40,28.11
1.13,Cotton,Rainfed,Clay,South,43.67,40,44.4
2.06,Maize,Rainfed,Loam,West,71.06,30,55.89
3.49,Paddy,Borewell,Clay,West,206.21,50,176.6
4.72,Maize,Rainfed,Loam,West,102.82,30,139.3
1.67,Paddy,Rainfed,Loam,South,88.96,50,91.54
1.65,Cotton,Rainfed,Sandy,South,67.79,40,62.01
3.04,Maize,Borewell,Clay,East,85.0,30,99.81
3.24,Paddy,Rainfed,Loam,West,141.71,50,149.5
1.18,Maize,Rainfed,Loam,West,28.77,30,33.64
4.33,Cotton,Borewell,Loam,East,169.84,40,174.01
1.02,Cotton,Borewell,Loam,East,46.11,40,42.62
0.8,Paddy,Rainfed,Loam,East,42.16,50,40.35
0.87,Cotton,Rainfed,Sandy,South,32.33,40,34.69
1.25,Maize,Rainfed,Loam,West,43.98,30,40.12
3.51,Maize,Borewell,Sandy,South,98.05,30,103.44
3.43,Cotton,Borewell,Sandy,North,133.46,40,125.19
2.81,Cotton,Rainfed,Sandy,South,124.0,40,111.48
0.73,Maize,Rainfed,Sandy,North,23.94,30,20.59
1.66,Maize,Rainfed,Clay,East,38.96,30,48.11
3.91,Paddy,Rainfed,Sandy,South,187.62,50,183.96
4.45,Cotton,Rainfed,Loam,North,202.88,40,191.19
1.57,Maize,Rainfed,Sandy,West,43.6,30,51.67
3.97,Cotton,Rainfed,Sandy,North,113.32,40,144.99
2.59,Maize,Borewell,Clay,South,89.71,30,78.3
2.74,Cotton,Rainfed,Clay,North,82.5,40,113.04
4.2,Cotton,Rainfed,Loam,West,149.56,40,177.26
4.84,Paddy,Borewell,Clay,East,194.06,50,243.13
1.79,Paddy,Borewell,Loam,East,98.13,50,90.89
3.36,Maize,Rainfed,Sandy,South,110.77,30,98.7
4.62,Maize,Borewell,Loam,North,133.96,30,129.12
3.63,Maize,Rainfed,Clay,North,119.42,30,104.91
4.36,Cotton,Borewell,Loam,East,201.1,40,166.62
4.93,Maize,Rainfed,Clay,West,113.94,30,139.09
1.33,Maize,Rainfed,Clay,West,45.77,30,41.13
1.18,Cotton,Rainfed,Loam,North,43.43,40,48.29
0.88,Maize,Borewell,Sandy,North,30.13,30,28.0
2.77,Paddy,Rainfed,Sandy,North,163.92,50,136.22
4.93,Cotton,Borewell,Sandy,South,203.9,40,202.51
1.25,Cotton,Borewell,Sandy,South,57.05,40,49.27
1.23,Maize,Rainfed,Loam,South,26.06,30,37.34
2.87,Maize,Borewell,Clay,West,91.24,30,92.82
0.86,Maize,Borewell,Sandy,South,27.5,30,24.19
4.36,Maize,Rainfed,Loam,North,145.13,30,131.87
3.7,Cotton,Borewell,Clay,East,126.86,40,147.15
4.2,Cotton,Borewell,Sandy,North,156.18,40,163.22
2.72,Cotton,Borewell,Loam,East,121.22,40,105.21
1.28,Paddy,Rainfed,Clay,East,67.58,50,68.17
0.95,Cotton,Rainfed,Sandy,East,31.16,40,35.28
2.07,Cotton,Rainfed,Sandy,West,76.6,40,86.92
3.43,Cotton,Borewell,Loam,East,138.64,40,133.15
4.29,Maize,Borewell,Sandy,East,120.42,30,141.03
3.35,Cotton,Borewell,Sandy,South,102.26,40,138.72
1.96,Maize,Borewell,Clay,East,61.34,30,53.74
1.29,Paddy,Borewell,Loam,South,72.75,50,60.98
4.27,Cotton,Rainfed,Loam,South,143.41,40,175.68
3.62,Cotton,Rainfed,Loam,South,138.48,40,139.16
1.46,Maize,Borewell,Sandy,South,31.39,30,42.08
3.44,Maize,Rainfed,Clay,South,120.66,30,110.86
3.95,Maize,Rainfed,Sandy,North,129.67,30,122.41
1.67,Maize,Borewell,Loam,South,57.8,30,51.81
3.02,Paddy,Rainfed,Sandy,West,114.08,50,149.4
2.57,Maize,Rainfed,Loam,West,87.3,30,77.82
2.21,Maize,Borewell,Clay,North,78.79,30,61.14
2.4,Paddy,Rainfed,Clay,East,86.52,50,125.76
4.63,Paddy,Rainfed,Clay,West,194.46,50,248.09
1.81,Cotton,Rainfed,Sandy,North,83.65,40,76.08
4.12,Cotton,Borewell,Loam,East,116.84,40,180.05
3.77,Cotton,Borewell,Sandy,West,128.54,40,160.73
1.77,Cotton,Borewell,Loam,North,80.46,40,65.31
3.67,Cotton,Borewell,Loam,North,142.45,40,134.95
1.59,Maize,Rainfed,Loam,North,33.69,30,47.4
1.86,Maize,Borewell,Clay,South,55.75,30,53.54
1.85,Cotton,Rainfed,Sandy,West,79.3,40,67.31
4.56,Paddy,Borewell,Clay,South,256.76,50,235.65
3.17,Paddy,Rainfed,Sandy,East,181.66,50,148.52
0.86,Cotton,Borewell,Loam,East,28.2,40,36.43
0.66,Maize,Rainfed,Sandy,North,19.63,30,21.76
4.35,Paddy,Rainfed,Clay,East,208.96,50,198.52
4.24,Cotton,Borewell,Sandy,South,169.51,40,156.54
0.92,Paddy,Borewell,Sandy,East,53.12,50,47.56
4.23,Paddy,Rainfed,Loam,South,241.0,50,214.54
2.83,Cotton,Rainfed,Sandy,West,103.6,40,109.06
2.46,Maize,Rainfed,Clay,North,80.22,30,75.3
4.52,Maize,Rainfed,Sandy,East,124.98,30,138.5
3.34,Maize,Rainfed,Loam,North,99.78,30,104.26
1.57,Cotton,Borewell,Sandy,West,60.05,40,57.83
2.23,Cotton,Rainfed,Clay,West,84.19,40,91.92
4.78,Paddy,Rainfed,Clay,West,239.08,50,250.64
2.78,Maize,Rainfed,Loam,East,84.82,30,76.24
1.64,Cotton,Borewell,Sandy,West,57.79,40,65.24
0.71,Maize,Borewell,Clay,North,16.4,30,20.35
4.87,Cotton,Rainfed,Clay,North,168.63,40,194.1
1.38,Paddy,Rainfed,Loam,North,69.37,50,65.97
1.43,Maize,Borewell,Sandy,South,41.11,30,38.66
0.53,Cotton,Rainfed,Clay,East,17.16,40,19.24
0.99,Paddy,Rainfed,Loam,North,43.04,50,52.5
3.07,Maize,Borewell,Clay,West,88.08,30,88.3
4.69,Cotton,Rainfed,Sandy,South,168.56,40,172.11
3.28,Maize,Borewell,Sandy,North,74.48,30,95.35
2.78,Paddy,Borewell,Loam,North,158.06,50,138.82
3.66,Paddy,Borewell,Sandy,West,218.94,50,169.51
1.74,Paddy,Borewell,Sandy,East,78.06,50,85.64
2.35,Paddy,Rainfed,Sandy,South,135.57,50,122.53
3.24,Maize,Borewell,Clay,West,83.08,30,103.49
4.8,Paddy,Borewell,Clay,East,266.54,50,216.08
3.36,Maize,Rainfed,Clay,West,73.14,30,95.91
0.77,Paddy,Borewell,Clay,North,38.57,50,39.94
1.02,Cotton,Borewell,Loam,East,36.39,40,40.44
2.16,Cotton,Borewell,Sandy,South,65.71,40,85.0
3.88,Maize,Rainfed,Clay,North,85.61,30,106.63
2.1,Paddy,Borewell,Clay,West,122.94,50,108.54
3.55,Maize,Rainfed,Loam,South,93.82,30,108.49
0.55,Paddy,Rainfed,Sandy,North,28.0,50,29.77
3.26,Paddy,Rainfed,Sandy,North,185.31,50,170.3
1.04,Cotton,Rainfed,Clay,South,47.89,40,37.99
2.9,Cotton,Rainfed,Loam,North,89.44,40,104.67
2.4,Paddy,Rainfed,Loam,North,101.7,50,119.66
3.1,Paddy,Rainfed,Sandy,North,111.89,50,143.31
3.01,Cotton,Borewell,Loam,East,104.94,40,125.92
3.44,Paddy,Rainfed,Sandy,West,193.12,50,178.62
2.43,Maize,Borewell,Loam,North,75.56,30,69.63
1.88,Paddy,Borewell,Clay,East,102.88,50,92.99
4.09,Paddy,Borewell,Clay,West,227.24,50,219.12
4.62,Cotton,Rainfed,Sandy,West,169.18,40,178.11
3.12,Maize,Rainfed,Clay,South,82.89,30,95.49
3.68,Maize,Borewell,Loam,North,115.28,30,107.63
1.25,Cotton,Borewell,Clay,East,45.76,40,46.43
4.51,Maize,Borewell,Loam,West,118.11,30,125.95
0.61,Cotton,Borewell,Clay,South,24.96,40,25.07
2.03,Paddy,Rainfed,Clay,West,74.69,50,99.67
1.9,Cotton,Borewell,Loam,South,78.93,40,77.61
2.14,Paddy,Borewell,Sandy,South,86.56,50,117.44
2.54,Cotton,Borewell,Clay,West,106.08,40,94.3
2.69,Maize,Rainfed,Clay,East,57.6,30,80.79
4.84,Paddy,Rainfed,Sandy,North,215.89,50,219.69
0.64,Paddy,Rainfed,Loam,East,28.61,50,29.82
0.61,Cotton,Borewell,Loam,North,26.31,40,24.2
1.8,Maize,Rainfed,Sandy,East,62.1,30,49.85
4.8,Paddy,Rainfed,Sandy,South,205.68,50,258.64
3.21,Maize,Borewell,Loam,North,107.22,30,105.62
1.8,Cotton,Borewell,Clay,North,85.0,40,70.41
2.23,Paddy,Borewell,Clay,North,97.03,50,112.42
1.19,Maize,Rainfed,Loam,South,34.87,30,36.0
3.93,Paddy,Borewell,Sandy,West,219.46,50,194.16
1.86,Paddy,Rainfed,Clay,West,77.16,50,87.32
0.76,Cotton,Rainfed,Loam,North,26.49,40,29.0
4.85,Cotton,Rainfed,Clay,North,189.9,40,188.07
3.11,Paddy,Borewell,Sandy,North,119.67,50,153.76
3.32,Maize,Borewell,Loam,East,94.07,30,97.64
4.97,Maize,Rainfed,Clay,West,170.0,30,152.78
3.06,Paddy,Rainfed,Clay,East,154.58,50,143.86
2.28,Cotton,Rainfed,Sandy,South,65.64,40,90.75
2.94,Maize,Rainfed,Sandy,West,71.78,30,96.39
4.59,Paddy,Borewell,Clay,North,243.52,50,231.03
4.41,Maize,Borewell,Clay,East,101.25,30,139.99
1.06,Cotton,Borewell,Loam,North,46.52,40,40.5
4.45,Cotton,Rainfed,Sandy,East,208.62,40,165.5
2.58,Paddy,Borewell,Sandy,South,153.57,50,128.57
4.39,Maize,Rainfed,Clay,South,130.96,30,128.42
1.79,Cotton,Rainfed,Clay,North,57.4,40,75.35
2.24,Paddy,Rainfed,Sandy,East,107.03,50,111.83
3.1,Maize,Borewell,Sandy,North,105.35,30,101.94
2.33,Cotton,Borewell,Sandy,West,103.8,40,98.13
3.08,Paddy,Borewell,Loam,South,181.42,50,144.77
0.99,Paddy,Rainfed,Loam,East,55.79,50,48.9
4.31,Maize,Rainfed,Loam,West,148.25,30,117.99
4.48,Maize,Borewell,Clay,South,124.21,30,134.68
3.32,Paddy,Borewell,Clay,North,193.09,50,150.03
2.65,Paddy,Rainfed,Loam,East,138.31,50,138.4
3.62,Maize,Borewell,Sandy,East,83.32,30,104.24
2.11,Paddy,Rainfed,Loam,West,116.28,50,100.83
1.45,Maize,Borewell,Clay,South,51.27,30,39.23
4.99,Cotton,Rainfed,Sandy,North,207.27,40,212.71
1.83,Paddy,Rainfed,Clay,North,64.7,50,95.85
4.25,Cotton,Borewell,Loam,West,181.94,40,157.86
3.89,Cotton,Borewell,Sandy,East,168.74,40,160.53
3.95,Maize,Borewell,Clay,West,133.07,30,121.19
0.9,Maize,Borewell,Clay,West,25.48,30,24.72
2.33,Paddy,Borewell,Clay,North,105.26,50,106.39
2.07,Paddy,Borewell,Clay,South,78.19,50,109.88
4.76,Maize,Rainfed,Sandy,North,105.12,30,155.8
2.85,Cotton,Rainfed,Clay,North,96.88,40,104.35
2.75,Paddy,Borewell,Sandy,West,150.87,50,143.19
0.73,Paddy,Borewell,Loam,North,26.88,50,35.79
1.83,Paddy,Rainfed,Clay,South,74.68,50,87.49
4.12,Cotton,Rainfed,Sandy,West,191.93,40,161.67
4.58,Maize,Borewell,Loam,West,118.27,30,136.75
1.52,Paddy,Rainfed,Clay,South,77.54,50,83.28
3.22,Maize,Rainfed,Loam,South,84.9,30,99.46
1.05,Paddy,Borewell,Sandy,East,60.08,50,52.53
2.52,Maize,Rainfed,Sandy,West,75.07,30,77.49
0.82,Paddy,Borewell,Loam,West,42.69,50,38.88
3.71,Paddy,Rainfed,Clay,South,206.14,50,196.78
2.99,Cotton,Borewell,Loam,East,114.83,40,111.06
3.99,Maize,Rainfed,Loam,East,100.03,30,119.62
1.78,Maize,Rainfed,Clay,North,40.95,30,54.78
0.74,Maize,Borewell,Clay,East,23.85,30,21.39
0.5,Paddy,Rainfed,Sandy,East,23.89,50,22.73
1.74,Cotton,Borewell,Clay,North,73.32,40,63.51
4.28,Paddy,Borewell,Loam,North,150.21,50,203.16
3.83,Paddy,Rainfed,Loam,South,164.33,50,176.25
2.12,Paddy,Borewell,Sandy,East,88.53,50,113.27
1.91,Cotton,Rainfed,Sandy,North,83.62,40,82.39
2.45,Cotton,Rainfed,Sandy,South,113.19,40,95.6
4.84,Cotton,Borewell,Loam,East,144.16,40,200.84
2.72,Paddy,Rainfed,Clay,North,121.56,50,139.61
3.67,Paddy,Borewell,Sandy,South,128.85,50,171.28
3.71,Paddy,Rainfed,Clay,East,191.66,50,202.79
3.92,Cotton,Borewell,Clay,East,184.3,40,163.15
1.84,Cotton,Borewell,Loam,North,55.4,40,77.75
3.4,Paddy,Borewell,Sandy,South,123.1,50,165.24
4.81,Paddy,Rainfed,Clay,East,228.52,50,237.26
2.56,Cotton,Rainfed,Sandy,North,82.37,40,99.71
2.16,Maize,Rainfed,Loam,South,47.06,30,68.27
2.37,Paddy,Rainfed,Sandy,West,131.66,50,126.8
1.45,Cotton,Rainfed,Clay,East,59.66,40,57.68
4.46,Paddy,Borewell,Loam,East,180.16,50,230.93
3.23,Cotton,Rainfed,Clay,South,109.52,40,119.81
3.43,Cotton,Borewell,Sandy,West,146.71,40,132.14
3.4,Cotton,Borewell,Clay,East,122.07,40,141.8
1.4,Cotton,Borewell,Sandy,North,64.13,40,53.62
2.16,Maize,Borewell,Loam,North,47.24,30,59.77
2.82,Paddy,Rainfed,Loam,South,117.57,50,150.46
0.57,Cotton,Borewell,Sandy,East,20.28,40,22.06
0.59,Maize,Borewell,Loam,South,13.49,30,17.39
2.72,Paddy,Borewell,Loam,East,122.69,50,136.84
3.18,Paddy,Borewell,Clay,West,112.09,50,157.86
4.84,Maize,Rainfed,Clay,West,139.32,30,150.36
1.9,Maize,Rainfed,Loam,West,61.96,30,60.11
2.85,Paddy,Rainfed,Sandy,South,169.29,50,131.83
0.58,Paddy,Rainfed,Clay,North,31.47,50,30.78
1.04,Maize,Borewell,Loam,East,25.98,30,28.19
1.82,Paddy,Borewell,Loam,South,98.88,50,91.33
2.07,Maize,Borewell,Sandy,North,55.01,30,55.91
1.85,Cotton,Borewell,Loam,West,75.72,40,81.02
4.31,Cotton,Borewell,Loam,South,122.71,40,186.14
4.02,Cotton,Rainfed,Clay,North,175.3,40,159.45
2.29,Paddy,Rainfed,Clay,South,97.49,50,104.55
1.53,Maize,Rainfed,Sandy,East,37.79,30,45.75
3.86,Maize,Borewell,Clay,North,108.49,30,105.56
4.81,Maize,Rainfed,Clay,North,169.03,30,152.53
4.96,Maize,Borewell,Loam,North,144.67,30,162.57
0.84,Maize,Rainfed,Clay,North,22.25,30,23.82
1.38,Paddy,Borewell,Clay,East,53.16,50,70.69
4.02,Paddy,Rainfed,Clay,East,198.82,50,186.81
4.15,Maize,Rainfed,Loam,East,126.74,30,121.72
3.53,Paddy,Rainfed,Clay,East,146.49,50,171.04
4.63,Maize,Rainfed,Clay,West,117.41,30,138.07
4.51,Paddy,Rainfed,Loam,West,237.65,50,205.76
1.16,Maize,Borewell,Loam,North,24.5,30,35.71
2.51,Paddy,Borewell,Clay,East,96.28,50,136.99
2.88,Cotton,Rainfed,Sandy,South,94.57,40,115.21
3.56,Cotton,Borewell,Loam,West,105.11,40,135.98
4.13,Cotton,Rainfed,Sandy,South,153.61,40,166.74
2.45,Maize,Rainfed,Clay,West,53.06,30,68.59
2.5,Cotton,Borewell,Sandy,South,80.46,40,91.0
4.3,Paddy,Rainfed,Clay,South,255.98,50,227.61
4.34,Paddy,Borewell,Clay,North,178.15,50,236.99
1.39,Maize,Borewell,Sandy,West,49.03,30,45.83
3.7,Paddy,Borewell,Sandy,East,220.26,50,187.57
1.67,Maize,Borewell,Clay,West,46.02,30,51.04
0.83,Cotton,Rainfed,Sandy,East,33.57,40,36.4
1.36,Maize,Rainfed,Clay,West,44.73,30,44.13
4.75,Paddy,Rainfed,Clay,South,280.27,50,238.52
4.9,Cotton,Borewell,Clay,North,211.42,40,182.74
2.65,Maize,Rainfed,Loam,East,84.2,30,75.48
3.38,Maize,Rainfed,Sandy,West,104.78,30,94.56
3.04,Paddy,Borewell,Loam,West,165.04,50,151.97
0.55,Paddy,Rainfed,Clay,West,19.37,50,26.71
4.67,Maize,Borewell,Clay,West,114.09,30,143.86
1.5,Maize,Rainfed,Clay,East,38.74,30,48.13
3.78,Maize,Rainfed,Loam,West,84.79,30,111.78
0.63,Cotton,Borewell,Clay,South,23.7,40,26.02
1.03,Maize,Rainfed,Loam,East,26.09,30,30.27
4.64,Cotton,Rainfed,Sandy,North,222.09,40,168.71
3.92,Paddy,Rainfed,Clay,West,173.63,50,191.78
3.89,Cotton,Rainfed,Sandy,East,180.37,40,169.63
3.1,Paddy,Borewell,Clay,East,136.18,50,163.91
1.63,Cotton,Rainfed,Clay,North,64.03,40,63.36
3.45,Paddy,Borewell,Clay,North,141.48,50,161.86
4.63,Paddy,Borewell,Loam,North,173.83,50,231.78
1.49,Maize,Borewell,Loam,East,32.16,30,40.55
1.29,Maize,Rainfed,Sandy,North,43.86,30,37.02
4.78,Cotton,Borewell,Clay,East,189.44,40,188.78
3.11,Maize,Rainfed,Clay,West,89.41,30,98.13
1.77,Cotton,Rainfed,Loam,South,62.06,40,76.38
4.76,Maize,Borewell,Loam,North,163.69,30,140.5
4.01,Maize,Borewell,Clay,South,112.86,30,120.24
1.42,Paddy,Borewell,Sandy,South,70.69,50,66.54
1.99,Maize,Rainfed,Sandy,North,67.31,30,56.2
0.82,Cotton,Borewell,Loam,South,24.09,40,35.69
2.78,Cotton,Borewell,Sandy,North,100.6,40,118.11
4.26,Paddy,Rainfed,Sandy,East,184.48,50,221.25
3.97,Cotton,Rainfed,Loam,West,163.14,40,147.73
4.44,Maize,Rainfed,Loam,South,129.14,30,127.41
2.41,Maize,Rainfed,Sandy,West,51.97,30,66.92
3.94,Cotton,Borewell,Clay,East,110.32,40,154.97
2.85,Cotton,Rainfed,Loam,North,82.91,40,124.79
1.52,Maize,Borewell,Loam,East,38.86,30,43.81
1.54,Cotton,Rainfed,Loam,East,43.17,40,64.43
4.85,Cotton,Rainfed,Clay,South,157.56,40,200.33
3.84,Cotton,Borewell,Clay,West,172.68,40,151.22
1.86,Cotton,Rainfed,Sandy,South,64.18,40,77.56
4.18,Cotton,Borewell,Sandy,West,132.22,40,162.88
4.56,Maize,Rainfed,Loam,West,150.94,30,150.07
3.89,Maize,Borewell,Sandy,South,104.63,30,118.82
3.47,Maize,Borewell,Sandy,West,76.95,30,105.03
3.69,Cotton,Rainfed,Sandy,East,115.67,40,155.88
3.13,Paddy,Borewell,Loam,North,184.06,50,142.18
1.69,Maize,Borewell,Sandy,East,50.74,30,48.64
3.71,Cotton,Borewell,Sandy,East,160.2,40,136.6
2.81,Cotton,Borewell,Clay,East,107.28,40,109.46
4.7,Paddy,Rainfed,Loam,East,261.73,50,244.27
3.71,Maize,Rainfed,Sandy,East,103.6,30,120.67
3.63,Maize,Borewell,Loam,North,115.92,30,116.78
1.73,Cotton,Borewell,Loam,South,76.36,40,64.98
2.05,Cotton,Borewell,Sandy,West,71.16,40,89.85
4.35,Cotton,Rainfed,Loam,North,182.8,40,181.9
3.03,Paddy,Borewell,Clay,East,177.79,50,151.39
2.21,Maize,Rainfed,Clay,East,51.81,30,70.1
3.8,Cotton,Borewell,Clay,West,135.61,40,137.57
4.28,Maize,Borewell,Loam,North,90.61,30,133.63
4.87,Paddy,Rainfed,Loam,South,223.74,50,230.59
3.67,Paddy,Borewell,Loam,North,203.42,50,185.2
4.85,Paddy,Rainfed,Sandy,West,176.01,50,242.73
3.73,Maize,Rainfed,Loam,West,126.59,30,104.72
4.1,Paddy,Borewell,Sandy,South,200.15,50,200.76
1.09,Cotton,Rainfed,Clay,East,49.38,40,40.61
1.89,Cotton,Borewell,Clay,North,63.88,40,81.22
3.53,Cotton,Borewell,Clay,East,155.09,40,134.15
3.31,Maize,Borewell,Clay,West,97.9,30,105.91
4.58,Cotton,Rainfed,Clay,North,129.35,40,189.58
0.73,Paddy,Rainfed,Loam,West,35.57,50,34.95
1.88,Cotton,Rainfed,Loam,South,65.91,40,77.02
2.0,Maize,Rainfed,Loam,South,63.98,30,58.85
0.81,Paddy,Rainfed,Clay,South,44.22,50,38.76
2.45,Paddy,Borewell,Clay,North,127.73,50,118.4
0.75,Cotton,Borewell,Clay,East,26.61,40,32.67
3.39,Cotton,Borewell,Loam,East,140.45,40,139.19
1.4,Cotton,Borewell,Sandy,North,50.91,40,58.81
0.96,Cotton,Borewell,Sandy,North,32.21,40,36.68
2.44,Paddy,Borewell,Loam,West,145.2,50,111.45
2.83,Maize,Borewell,Sandy,East,67.04,30,92.89
1.01,Maize,Borewell,Clay,North,27.32,30,31.74
3.67,Maize,Rainfed,Sandy,North,100.34,30,106.72
2.29,Cotton,Rainfed,Sandy,South,76.22,40,86.2
2.67,Maize,Borewell,Sandy,North,66.82,30,76.7
3.46,Maize,Borewell,Clay,West,122.93,30,105.95
0.85,Paddy,Borewell,Loam,South,31.36,50,46.34
1.84,Maize,Rainfed,Loam,South,41.18,30,56.29
3.31,Paddy,Rainfed,Clay,West,169.51,50,157.8
0.57,Maize,Borewell,Clay,North,20.22,30,16.25
3.54,Cotton,Borewell,Clay,West,149.15,40,144.72
1.91,Paddy,Borewell,Sandy,North,79.79,50,97.37
4.4,Cotton,Borewell,Loam,South,206.51,40,162.13
1.2,Maize,Rainfed,Loam,West,42.21,30,37.7
4.47,Paddy,Borewell,Clay,North,179.09,50,227.42
3.66,Maize,Rainfed,Sandy,East,114.2,30,107.78
0.57,Maize,Borewell,Clay,North,16.95,30,16.26
2.53,Paddy,Borewell,Sandy,South,149.12,50,123.95
4.28,Maize,Rainfed,Loam,East,101.98,30,132.83
4.9,Cotton,Borewell,Loam,East,147.19,40,176.73
2.45,Paddy,Borewell,Loam,West,91.42,50,128.59
4.62,Maize,Rainfed,Loam,West,127.1,30,131.91
2.45,Maize,Borewell,Clay,South,78.04,30,66.28
3.15,Cotton,Borewell,Clay,North,126.84,40,129.47
1.59,Maize,Rainfed,Sandy,West,50.42,30,43.8
1.4,Paddy,Rainfed,Loam,North,79.71,50,73.34
0.56,Cotton,Borewell,Loam,West,18.46,40,21.12
1.72,Paddy,Rainfed,Loam,North,70.85,50,78.48
2.57,Paddy,Rainfed,Sandy,East,137.03,50,131.24
3.53,Paddy,Borewell,Sandy,East,130.71,50,192.44
4.27,Cotton,Borewell,Loam,South,188.31,40,181.83
4.7,Maize,Rainfed,Sandy,West,137.07,30,132.55
3.28,Paddy,Borewell,Clay,South,175.72,50,171.8
2.85,Cotton,Rainfed,Loam,South,83.7,40,111.06
4.64,Paddy,Rainfed,Loam,South,230.2,50,233.78
1.71,Maize,Rainfed,Clay,South,45.36,30,55.36
3.5,Cotton,Rainfed,Loam,South,153.12,40,138.72
3.34,Paddy,Rainfed,Loam,West,137.64,50,173.86
2.42,Paddy,Rainfed,Loam,East,111.47,50,124.61
4.71,Paddy,Rainfed,Sandy,North,172.39,50,250.8
1.82,Paddy,Rainfed,Loam,North,83.9,50,82.3
1.85,Cotton,Borewell,Clay,East,70.4,40,67.43
2.71,Cotton,Borewell,Sandy,West,126.13,40,99.84
3.94,Maize,Rainfed,Clay,South,106.95,30,121.87
1.67,Maize,Rainfed,Sandy,West,39.07,30,46.7
0.82,Cotton,Rainfed,Sandy,West,26.0,40,33.88
4.47,Paddy,Borewell,Sandy,South,247.43,50,231.78
1.0,Paddy,Rainfed,Loam,East,42.23,50,48.1
1.62,Cotton,Rainfed,Sandy,North,62.05,40,65.26
2.11,Paddy,Borewell,Loam,South,92.51,50,112.43
4.05,Cotton,Rainfed,Clay,East,138.33,40,175.41
4.79,Cotton,Borewell,Clay,North,165.42,40,186.02
2.78,Maize,Borewell,Loam,South,97.62,30,89.68
0.96,Cotton,Rainfed,Clay,West,34.42,40,38.81
2.76,Paddy,Borewell,Loam,West,109.98,50,147.9
3.55,Cotton,Borewell,Loam,North,158.89,40,152.19
3.87,Cotton,Borewell,Sandy,West,142.35,40,158.22
1.22,Cotton,Rainfed,Sandy,South,50.6,40,45.67
3.62,Cotton,Borewell,Sandy,South,117.98,40,133.72
1.24,Paddy,Rainfed,Sandy,East,43.46,50,64.71
3.8,Cotton,Rainfed,Loam,South,145.53,40,141.71
0.88,Maize,Rainfed,Loam,East,18.73,30,24.64
4.51,Maize,Borewell,Clay,West,111.05,30,131.36
0.97,Cotton,Rainfed,Sandy,East,31.47,40,38.95
3.23,Cotton,Borewell,Clay,South,106.29,40,117.77
2.26,Cotton,Rainfed,Sandy,East,73.87,40,85.33
4.82,Cotton,Borewell,Sandy,South,194.37,40,194.99
2.37,Cotton,Rainfed,Sandy,North,86.69,40,95.58
3.63,Maize,Rainfed,Sandy,West,114.46,30,101.75
2.75,Cotton,Rainfed,Loam,North,99.66,40,118.15
3.34,Cotton,Borewell,Clay,West,129.09,40,123.32
3.23,Paddy,Borewell,Sandy,North,122.51,50,156.24
1.14,Paddy,Rainfed,Clay,East,59.62,50,53.65
2.26,Cotton,Rainfed,Clay,North,103.76,40,85.05
2.79,Cotton,Rainfed,Clay,North,101.52,40,100.84
4.07,Maize,Rainfed,Clay,South,89.69,30,121.47
3.02,Cotton,Rainfed,Clay,East,122.52,40,125.36
1.64,Cotton,Borewell,Loam,West,46.25,40,68.53
2.91,Maize,Rainfed,Sandy,North,97.61,30,92.91
4.29,Paddy,Rainfed,Clay,West,202.18,50,207.36
4.06,Paddy,Rainfed,Sandy,South,187.91,50,190.15
4.35,Cotton,Borewell,Loam,West,198.58,40,172.83
0.84,Paddy,Borewell,Clay,South,37.54,50,44.55
4.56,Cotton,Borewell,Loam,North,146.24,40,166.6
4.45,Maize,Rainfed,Sandy,East,119.44,30,134.62
4.86,Paddy,Borewell,Sandy,East,178.19,50,250.21
0.83,Paddy,Rainfed,Loam,South,36.84,50,44.02
2.45,Paddy,Borewell,Loam,North,146.83,50,123.95
1.95,Cotton,Rainfed,Loam,East,63.18,40,75.67
2.18,Paddy,Rainfed,Sandy,South,80.04,50,106.16
2.59,Paddy,Borewell,Sandy,South,137.45,50,133.56
3.69,Maize,Rainfed,Clay,East,77.95,30,104.45
3.48,Paddy,Borewell,Sandy,East,163.91,50,156.78
4.12,Maize,Rainfed,Loam,South,134.28,30,124.8
0.8,Cotton,Rainfed,Sandy,North,34.66,40,32.54
4.02,Paddy,Rainfed,Loam,South,216.25,50,213.18
2.83,Cotton,Borewell,Clay,East,87.18,40,117.08
3.29,Maize,Borewell,Loam,East,105.72,30,92.18
1.38,Cotton,Rainfed,Clay,East,63.22,40,57.96
4.59,Cotton,Rainfed,Loam,North,198.17,40,187.17
3.44,Maize,Borewell,Loam,North,118.12,30,104.83
3.35,Paddy,Borewell,Sandy,North,130.35,50,166.63
3.72,Cotton,Borewell,Clay,South,124.32,40,139.94
1.91,Cotton,Rainfed,Clay,South,62.71,40,72.04
2.41,Cotton,Rainfed,Sandy,North,111.24,40,96.54
1.35,Cotton,Borewell,Clay,West,39.88,40,56.12
2.22,Cotton,Rainfed,Clay,North,98.65,40,91.63
4.08,Paddy,Borewell,Clay,East,170.54,50,211.85
1.69,Cotton,Borewell,Sandy,South,79.06,40,69.44
1.96,Maize,Rainfed,Loam,West,49.08,30,55.17
3.63,Cotton,Rainfed,Loam,East,117.52,40,147.97
1.69,Paddy,Rainfed,Sandy,North,87.12,50,89.82
4.0,Cotton,Borewell,Sandy,North,172.87,40,150.01
0.9,Cotton,Borewell,Sandy,North,37.78,40,35.05
2.45,Maize,Borewell,Loam,East,52.59,30,69.97
0.65,Cotton,Borewell,Loam,West,29.63,40,24.67
3.01,Maize,Rainfed,Sandy,North,64.97,30,93.31
1.95,Maize,Borewell,Sandy,South,67.21,30,63.04
1.96,Paddy,Rainfed,Sandy,East,112.75,50,107.72
4.21,Cotton,Borewell,Loam,East,189.02,40,159.95
3.1,Paddy,Borewell,Clay,North,113.71,50,142.44
5.0,Paddy,Rainfed,Sandy,North,215.83,50,262.41
4.13,Maize,Borewell,Sandy,East,139.88,30,136.23
1.59,Paddy,Rainfed,Sandy,South,57.25,50,78.09
1.09,Paddy,Borewell,Clay,East,38.76,50,52.98
4.03,Paddy,Borewell,Clay,North,198.09,50,193.95
3.44,Cotton,Rainfed,Sandy,North,112.28,40,124.24
3.94,Maize,Borewell,Loam,North,119.6,30,124.4
0.68,Paddy,Rainfed,Loam,East,38.03,50,34.81
3.04,Paddy,Borewell,Clay,East,153.87,50,163.08
3.14,Cotton,Borewell,Clay,East,124.4,40,137.93
3.91,Maize,Rainfed,Loam,East,108.05,30,122.17
2.25,Cotton,Borewell,Sandy,East,73.3,40,91.74
4.68,Maize,Rainfed,Clay,North,163.51,30,135.96
2.87,Maize,Borewell,Clay,West,69.38,30,94.63
4.92,Maize,Rainfed,Clay,East,151.25,30,156.59
3.72,Maize,Rainfed,Loam,East,111.22,30,101.63
2.55,Maize,Rainfed,Sandy,North,79.36,30,79.22
2.18,Paddy,Borewell,Loam,South,127.62,50,101.75
2.75,Cotton,Borewell,Loam,North,115.0,40,114.34
3.42,Cotton,Borewell,Clay,North,114.59,40,127.39
3.36,Cotton,Rainfed,Sandy,South,134.35,40,125.78
3.67,Paddy,Rainfed,Sandy,West,170.21,50,189.66
4.27,Cotton,Borewell,Loam,West,134.05,40,154.37
4.01,Paddy,Rainfed,Clay,West,201.47,50,208.51
4.27,Cotton,Borewell,Loam,East,188.12,40,186.55
2.91,Cotton,Borewell,Sandy,South,109.91,40,114.12
1.19,Cotton,Borewell,Sandy,South,46.95,40,45.48
4.65,Maize,Borewell,Clay,South,138.33,30,142.09
2.1,Cotton,Rainfed,Loam,North,60.98,40,76.13
2.41,Paddy,Rainfed,Clay,North,89.45,50,123.08
4.46,Maize,Rainfed,Clay,North,152.73,30,138.06
1.45,Cotton,Borewell,Sandy,East,65.63,40,62.48
1.38,Maize,Rainfed,Loam,North,44.24,30,39.63
4.11,Paddy,Rainfed,Clay,East,246.32,50,186.18
4.54,Cotton,Rainfed,Sandy,South,183.65,40,198.79
2.59,Maize,Rainfed,Loam,North,87.31,30,70.9
2.01,Cotton,Rainfed,Loam,South,58.97,40,88.04
4.18,Cotton,Rainfed,Loam,East,188.31,40,181.85
0.88,Maize,Rainfed,Sandy,North,23.57,30,24.14
1.45,Cotton,Borewell,Loam,South,47.25,40,57.64
1.71,Paddy,Borewell,Sandy,East,64.17,50,79.81
1.16,Paddy,Borewell,Clay,South,68.82,50,61.01
4.85,Maize,Borewell,Sandy,South,133.84,30,139.05
4.09,Maize,Rainfed,Sandy,North,105.91,30,117.78
1.55,Maize,Rainfed,Loam,South,35.57,30,44.24
2.1,Cotton,Borewell,Sandy,West,87.11,40,76.65
1.45,Paddy,Borewell,Clay,South,80.08,50,67.38
2.04,Cotton,Borewell,Clay,North,92.4,40,75.97
0.87,Cotton,Borewell,Clay,South,32.79,40,33.42
3.04,Maize,Borewell,Sandy,West,100.49,30,84.58
3.11,Cotton,Borewell,Sandy,East,118.52,40,115.54
3.31,Paddy,Borewell,Loam,West,138.49,50,165.1
0.87,Maize,Borewell,Clay,West,24.27,30,25.09
4.2,Cotton,Borewell,Sandy,South,122.39,40,165.27
2.56,Cotton,Rainfed,Clay,East,108.8,40,103.92
3.5,Maize,Borewell,Clay,West,114.3,30,112.61
1.91,Maize,Borewell,Clay,North,55.52,30,61.2
4.95,Paddy,Rainfed,Clay,North,283.33,50,241.14
1.38,Paddy,Rainfed,Sandy,North,65.18,50,72.33
2.72,Cotton,Borewell,Clay,West,102.45,40,116.16
2.13,Cotton,Borewell,Sandy,North,96.27,40,83.61
1.98,Cotton,Rainfed,Sandy,West,73.42,40,83.36
1.07,Maize,Borewell,Sandy,West,25.62,30,35.0
1.29,Paddy,Rainfed,Loam,East,63.46,50,65.52
2.7,Cotton,Borewell,Loam,South,110.42,40,102.16
2.99,Maize,Rainfed,Clay,North,79.48,30,92.6
